,name,showed_name,episode,episode_title,album,track,title,time,timing,scene,theme,other
,evangelion_tv,新世紀エヴァンゲリオン,1,第壱話　使徒、襲来,2,2,残酷な天使のテーゼ (TV.Size Version),　,0:00:00,オープニング,・残酷な天使のテーゼ,
,evangelion_tv,新世紀エヴァンゲリオン,1,第壱話　使徒、襲来,1,3,ANGEL ATTACK,~1:07\n 2:22~,0:03:31,サブタイトル〜第3の使徒サキエルと国連軍の戦闘,・使徒,
,evangelion_tv,新世紀エヴァンゲリオン,1,第壱話　使徒、襲来,1,6,BAREFOOT IN THE PARK,~0:50\n 2:14~2:24,0:07:19,"ネルフ本部へ向かう車中，ミサトのモノローグ\n
ミサトとシンジの会話",,
,evangelion_tv,新世紀エヴァンゲリオン,1,第壱話　使徒、襲来,1,11,TOKYO-3,~0:15\n 2:12~,0:10:43,"ジオフロントの景観に歓声を上げるシンジ\n
アイキャッチ",,
,evangelion_tv,新世紀エヴァンゲリオン,1,第壱話　使徒、襲来,1,12,I.SHINJI,　,0:14:00,初号機に乗ることを命じられたシンジの葛藤,,
,evangelion_tv,新世紀エヴァンゲリオン,1,第壱話　使徒、襲来,1,4,Rei I,0:26~0:52,0:17:03,シンジの眼前に運ばれてくる重傷のレイ,・レイ,
,evangelion_tv,新世紀エヴァンゲリオン,1,第壱話　使徒、襲来,1,13,EVA-01,　,0:18:43,初号機発進準備,,"0:33付近を反復\n
複数箇所未使用"
,evangelion_tv,新世紀エヴァンゲリオン,1,第壱話　使徒、襲来,1,14,A STEP FORWARD INTO TERROR,1:13~,0:21:23,"初号機発進\n
サキエルと対峙する初号機",,
,evangelion_tv,新世紀エヴァンゲリオン,1,第壱話　使徒、襲来,2,20,FLY ME TO THE MOON <TV. Size Version＞,　,0:22:01,エンド・クレジット,・FLY ME TO THE MOON,
,evangelion_tv,新世紀エヴァンゲリオン,1,第壱話　使徒、襲来,2,23,次回予告 (15秒版),　,0:23:06,次回予告,,
,evangelion_tv,新世紀エヴァンゲリオン,2,第弐話　見知らぬ、天井,2,2,残酷な天使のテーゼ (TV.Size Version),　,0:00:00,オープニング,・残酷な天使のテーゼ,
,evangelion_tv,新世紀エヴァンゲリオン,2,第弐話　見知らぬ、天井,S2,3-8,　,~0:39,0:02:33,初号機の歩行,・暴走,
,evangelion_tv,新世紀エヴァンゲリオン,2,第弐話　見知らぬ、天井,1,3,ANGEL ATTACK ,~1:07,0:03:15,サキエルの攻撃に成すすべもない初号機,,
,evangelion_tv,新世紀エヴァンゲリオン,2,第弐話　見知らぬ、天井,other,,ラジオ体操第1,0:10~0:43,0:04:22,病院の外から蝉の声と共に聞こえてくる現実音,,
,evangelion_tv,新世紀エヴァンゲリオン,2,第弐話　見知らぬ、天井,序,36,You are the only one,0:59~1:25,0:10:51,コンビニエンスストアの店内音楽,,
,evangelion_tv,新世紀エヴァンゲリオン,2,第弐話　見知らぬ、天井,1,11,TOKYO-3,~0:42\n 2:10~,0:11:50,収納されていた第3新東京市のビルが定位置に戻っていく,,
,evangelion_tv,新世紀エヴァンゲリオン,2,第弐話　見知らぬ、天井,S2,2-14,　,　,0:14:09,"ビールを飲み干すミサト\n
圧倒されるシンジ",・ミサト,
,evangelion_tv,新世紀エヴァンゲリオン,2,第弐話　見知らぬ、天井,S2,2-16,　,~0:22\n 2:03~,0:15:40,ペンペンに驚いてバスルームを飛び出すシンジ,・アスカ,
,evangelion_tv,新世紀エヴァンゲリオン,2,第弐話　見知らぬ、天井,2,9,BACKGROUND MUSIC,1:46~,0:17:16,シンジがSDATで聴く音楽,,
,evangelion_tv,新世紀エヴァンゲリオン,2,第弐話　見知らぬ、天井,1,21,FLY ME TO THE MOON,~0:09,0:17:27,シンジがSDATで聴く音楽,・FLY ME TO THE MOON,
,evangelion_tv,新世紀エヴァンゲリオン,2,第弐話　見知らぬ、天井,3,4,HARBINGER OF TRAGEDY,~0:44,0:18:44,"頭部を破壊される初号機\n
再起動",・暴走,曲間無し(A)
,evangelion_tv,新世紀エヴァンゲリオン,2,第弐話　見知らぬ、天井,1,18,THE BEAST,　,0:19:29,"初号機暴走\n
サキエル自爆",・暴走,曲間無し(B)
,evangelion_tv,新世紀エヴァンゲリオン,2,第弐話　見知らぬ、天井,未,,FLY ME TO THE MOON <TV. Size Version＞ (Strings抜き),　,0:23:01,エンド・クレジット,・FLY ME TO THE MOON,2.0ch版では通常の「<TV. Size Version＞」を使用
,evangelion_tv,新世紀エヴァンゲリオン,2,第弐話　見知らぬ、天井,2,23,次回予告 (15秒版),　,0:24:06,次回予告,,
,evangelion_tv,新世紀エヴァンゲリオン,3,第参話　鳴らない、電話,2,2,残酷な天使のテーゼ (TV.Size Version),　,0:00:00,オープニング,・残酷な天使のテーゼ,
,evangelion_tv,新世紀エヴァンゲリオン,3,第参話　鳴らない、電話,2,8,Waking up in the morning,0:22~1:08,0:03:17,朝のワイドショーの音楽,,
,evangelion_tv,新世紀エヴァンゲリオン,3,第参話　鳴らない、電話,1,5,Hedgehog's Dilemma,0:19~1:19\n 2:30~,0:04:20,シンジをヤマアラシのジレンマと診断するリツコ,・ヤマアラシのジレンマ,
,evangelion_tv,新世紀エヴァンゲリオン,3,第参話　鳴らない、電話,2,12,Spending Time in Preparation,~1:01\n 2:15~,0:11:19,戦闘形態に入る第3新東京市,・作戦開始,
,evangelion_tv,新世紀エヴァンゲリオン,3,第参話　鳴らない、電話,S2,2-23,　,0:03~0:17,0:12:28,ケンスケのビデオカメラに映る非常事態宣言のBGM,,2.0ch版では未使用
,evangelion_tv,新世紀エヴァンゲリオン,3,第参話　鳴らない、電話,1,14,A STEP FORWARD INTO TERROR,0:21~0:52\n 1:13~,0:15:06,トウジたちの眼前に，シャムシェルを迎撃すべく初号機が登場,,
,evangelion_tv,新世紀エヴァンゲリオン,3,第参話　鳴らない、電話,1,3,ANGEL ATTACK ,0:07~,0:16:24,アンビリカル・ケーブルを切断された初号機の苦戦,・使徒,
,evangelion_tv,新世紀エヴァンゲリオン,3,第参話　鳴らない、電話,1,19,"MARKING TIME,WAITING FOR DEATH",~0:23\n 1:02~1:47\n 2:26~,0:18:47,退却命令を無視し，プログレッシブ・ナイフでシャムシェルのコアを突くシンジ,,
,evangelion_tv,新世紀エヴァンゲリオン,3,第参話　鳴らない、電話,3,23,FLY ME TO THE MOON <YOKO TAKAHASHI TV. Size Version＞,　,0:22:00,エンド・クレジット,・FLY ME TO THE MOON,2.0ch版では通常の「<TV. Size Version＞」を使用
,evangelion_tv,新世紀エヴァンゲリオン,3,第参話　鳴らない、電話,2,23,次回予告 (15秒版),　,0:23:05,次回予告,,
,evangelion_tv,新世紀エヴァンゲリオン,4,第四話　雨、逃げ出した後,2,2,残酷な天使のテーゼ (TV.Size Version),　,0:00:00,オープニング,・残酷な天使のテーゼ,
,evangelion_tv,新世紀エヴァンゲリオン,4,第四話　雨、逃げ出した後,序,36,You are the only one,3:45~3:48,0:03:59,シンジのSDATから漏れ聞こえる音楽,,
,evangelion_tv,新世紀エヴァンゲリオン,4,第四話　雨、逃げ出した後,序,37,蒼いレジェンド,0:01~0:04\n 1:45~2:12,0:04:04,シンジのSDATから漏れ聞こえる音楽,,
,evangelion_tv,新世紀エヴァンゲリオン,4,第四話　雨、逃げ出した後,序,36,You are the only one,0:06~0:13,0:04:24,シンジのSDATから漏れ聞こえる音楽,,
,evangelion_tv,新世紀エヴァンゲリオン,4,第四話　雨、逃げ出した後,序,37,蒼いレジェンド,0:01~0:28,0:04:32,シンジのSDATから漏れ聞こえる音楽,,
,evangelion_tv,新世紀エヴァンゲリオン,4,第四話　雨、逃げ出した後,2,15,PLEASURE PRINCIPLE,~0:36,0:05:34,シンジが観る映画の音楽,,
,evangelion_tv,新世紀エヴァンゲリオン,4,第四話　雨、逃げ出した後,Gyuu,14,Bay side love story -from tokyo-,0:23~1:27,0:16:55,新箱根湯本駅で，遠くから聞こえてくる現実音,,
,evangelion_tv,新世紀エヴァンゲリオン,4,第四話　雨、逃げ出した後,,,FACE,~0:44,0:20:58,ホームのシンジとミサトが向き合うラストシーンに流れる現実音,,
,evangelion_tv,新世紀エヴァンゲリオン,4,第四話　雨、逃げ出した後,未,,FLY ME TO THE MOON <YOKO TAKAHASHI TV. Size Version＞ (String抜き),　,0:22:00,エンド・クレジット,・FLY ME TO THE MOON,2.0ch版では通常の「<TV. Size Version＞」を使用
,evangelion_tv,新世紀エヴァンゲリオン,4,第四話　雨、逃げ出した後,2,23,次回予告 (15秒版),　,0:23:05,次回予告,,
,evangelion_tv,新世紀エヴァンゲリオン,5,第伍話　レイ、心のむこうに,2,2,残酷な天使のテーゼ (TV.Size Version),　,0:00:00,オープニング,・残酷な天使のテーゼ,
,evangelion_tv,新世紀エヴァンゲリオン,5,第伍話　レイ、心のむこうに,S2,3-8,　,~1:02,0:01:34,零号機起動実験,・暴走,曲間無し(A)
,evangelion_tv,新世紀エヴァンゲリオン,5,第伍話　レイ、心のむこうに,1,17,EVA-00,1:02~,0:02:35,零号機起動実験,・暴走,"曲間無し(B)\n
1:07付近を反復"
,evangelion_tv,新世紀エヴァンゲリオン,5,第伍話　レイ、心のむこうに,S2,2-14,　,　,0:10:20,ミサトのマンションで食事する一同,・ミサト,
,evangelion_tv,新世紀エヴァンゲリオン,5,第伍話　レイ、心のむこうに,1,5,Hedgehog's Dilemma,~1:15\n 2:25~,0:17:20,父への不信を口にし，レイに頬を叩かれるシンジ,・ヤマアラシのジレンマ,
,evangelion_tv,新世紀エヴァンゲリオン,5,第伍話　レイ、心のむこうに,1,3,ANGEL ATTACK ,~1:07\n 2:22~,0:20:50,"第5の使徒ラミエル接近
初号機の胸をビームが貫く",・使徒,
,evangelion_tv,新世紀エヴァンゲリオン,5,第伍話　レイ、心のむこうに,2,21,FLY ME TO THE MOON <Rei(#5)TV. Size Remix Version＞,　,0:22:01,エンド・クレジット,・FLY ME TO THE MOON,
,evangelion_tv,新世紀エヴァンゲリオン,5,第伍話　レイ、心のむこうに,2,23,次回予告 (15秒版),　,0:23:06,次回予告,,
,evangelion_tv,新世紀エヴァンゲリオン,6,第六話　決戦、第3新東京市,2,2,残酷な天使のテーゼ (TV.Size Version),　,0:00:00,オープニング,・残酷な天使のテーゼ,
,evangelion_tv,新世紀エヴァンゲリオン,6,第六話　決戦、第3新東京市,1,3,ANGEL ATTACK ,~1:07\n 2:22~,0:01:39,"ラミエルのビームに胸部を貫かれる初号機
初号機回収",,
,evangelion_tv,新世紀エヴァンゲリオン,6,第六話　決戦、第3新東京市,2,12,Spending Time in Preparation,~1:23\n 1:30~,0:03:57,第2分析室での作戦会議,・作戦開始,
,evangelion_tv,新世紀エヴァンゲリオン,6,第六話　決戦、第3新東京市,2,12,Spending Time in Preparation,~0:58\n 2:15~,0:08:28,ヤシマ作戦の進行報告を聞くミサト,・作戦開始,
,evangelion_tv,新世紀エヴァンゲリオン,6,第六話　決戦、第3新東京市,1,5,Hedgehog's Dilemma,~0:45\n 2:15~,0:11:09,レイに弱音を吐くシンジ,・ヤマアラシのジレンマ,
,evangelion_tv,新世紀エヴァンゲリオン,6,第六話　決戦、第3新東京市,2,12,Spending Time in Preparation,~1:59\n 2:15~,0:13:13,ヤシマ作戦のブリーフィングを行うミサト,・作戦開始,
,evangelion_tv,新世紀エヴァンゲリオン,6,第六話　決戦、第3新東京市,2,4,A Crystalline Night Sky,1:46~,0:15:36,ヤシマ作戦への電力供給で暗闇に閉ざされる日本列島,,
,evangelion_tv,新世紀エヴァンゲリオン,6,第六話　決戦、第3新東京市,1,16,DECISIVE BATTLE,~1:17\n 2:02~,0:17:16,ヤシマ作戦開始,・作戦開始,
,evangelion_tv,新世紀エヴァンゲリオン,6,第六話　決戦、第3新東京市,1,19,"MARKING TIME,WAITING FOR DEATH",1:02~2:03,0:19:02,ラミエルのビームから初号機を守る零号機,,
,evangelion_tv,新世紀エヴァンゲリオン,6,第六話　決戦、第3新東京市,1,20,Rei II,0:23~1:33 ,0:20:47,泣くシンジに微笑を見せるレイ,,
,evangelion_tv,新世紀エヴァンゲリオン,6,第六話　決戦、第3新東京市,2,22,FLY ME TO THE MOON <Rei(#6)TV. Size Remix Version＞,　,0:22:00,エンド・クレジット,・FLY ME TO THE MOON,
,evangelion_tv,新世紀エヴァンゲリオン,6,第六話　決戦、第3新東京市,2,23,次回予告 (15秒版),　,0:23:06,次回予告,,
,evangelion_tv,新世紀エヴァンゲリオン,7,第七話　人の造りしもの,2,2,残酷な天使のテーゼ (TV.Size Version),　,0:00:00,オープニング,・残酷な天使のテーゼ,
,evangelion_tv,新世紀エヴァンゲリオン,7,第七話　人の造りしもの,S2,2-14,　,　,0:02:03,朝からビールを飲んで呆れられるミサト,・ミサト,
,evangelion_tv,新世紀エヴァンゲリオン,7,第七話　人の造りしもの,S2,2-14,　,~0:09,0:07:55,正装して部屋から出てくるミサト,・ミサト,
,evangelion_tv,新世紀エヴァンゲリオン,7,第七話　人の造りしもの,1,17,EVA-00,　,0:11:55,J.A.の起動実験,・暴走,
,evangelion_tv,新世紀エヴァンゲリオン,7,第七話　人の造りしもの,2,12,Spending Time in Preparation,~1:36\n 2:15~,0:15:19,J.A.停止作戦を進めるミサト,・作戦開始,
,evangelion_tv,新世紀エヴァンゲリオン,7,第七話　人の造りしもの,1,10,NERV,~1:01\n 1:49~,0:17:01,"輸送機から投下される初号機
J.A.にミサトを送り込む",・ネルフ,
,evangelion_tv,新世紀エヴァンゲリオン,7,第七話　人の造りしもの,1,19,"MARKING TIME,WAITING FOR DEATH",~0:14\n 1:09~1:55\n 2:19~,0:18:32,"変更されているプログラム
J.A.の手動停止を試みるミサト",,
,evangelion_tv,新世紀エヴァンゲリオン,7,第七話　人の造りしもの,S2,2-14,　,~0:23,0:20:51,再び朝の風景,・ミサト,
,evangelion_tv,新世紀エヴァンゲリオン,7,第七話　人の造りしもの,2,19,When I Find Peace of Mind,2:36~2:58\n 3:10~,0:21:21,ミサトの関係が家族のそれと，ケンスケたちに教えられるシンジ,,
,evangelion_tv,新世紀エヴァンゲリオン,7,第七話　人の造りしもの,3,24,FLY ME TO THE MOON -4 BEAT TV. Size VERSION-,　,0:22:02,エンド・クレジット,・FLY ME TO THE MOON,
,evangelion_tv,新世紀エヴァンゲリオン,7,第七話　人の造りしもの,2,23,次回予告 (15秒版),　,0:23:07,次回予告,,
,evangelion_tv,新世紀エヴァンゲリオン,8,第八話　アスカ、来日,2,2,残酷な天使のテーゼ (TV.Size Version),　,0:00:00,オープニング,・残酷な天使のテーゼ,
,evangelion_tv,新世紀エヴァンゲリオン,8,第八話　アスカ、来日,1,9,ASUKA STRIKES!,~0:53,0:02:58,"空母の甲板で興奮するケンスケ
アスカ登場",・アスカ,
,evangelion_tv,新世紀エヴァンゲリオン,8,第八話　アスカ、来日,1,9,ASUKA STRIKES!,1:52~2:04,0:03:54,再びアスカの平手を食らうトウジ,・アスカ,
,evangelion_tv,新世紀エヴァンゲリオン,8,第八話　アスカ、来日,S2,2-16,　,0:12~1:03,0:06:51,艦内で流れるテレビドラマの音楽,・アスカ,
,evangelion_tv,新世紀エヴァンゲリオン,8,第八話　アスカ、来日,1,3,ANGEL ATTACK ,0:05~1:07\n 2:22~,0:09:17,国連軍艦隊に迫る第6の使徒ガギエル,・使徒,
,evangelion_tv,新世紀エヴァンゲリオン,8,第八話　アスカ、来日,2,12,Spending Time in Preparation,~0:36\n 2:15~,0:12:30,起動しつつある弐号機,・作戦開始,
,evangelion_tv,新世紀エヴァンゲリオン,8,第八話　アスカ、来日,1,15,EVA-02,　,0:13:14,甲板を次々に飛び移り，旗艦上で外部電源に切り替えた弐号機がガギエルと組み合う,,
,evangelion_tv,新世紀エヴァンゲリオン,8,第八話　アスカ、来日,1,3,ANGEL ATTACK ,~0:51\n 2:22~,0:16:35,ガギエルとの水中戦に苦慮する弐号機,・使徒,
,evangelion_tv,新世紀エヴァンゲリオン,8,第八話　アスカ、来日,1,16,DECISIVE BATTLE,　,0:17:40,零距離射撃作戦,・作戦開始,
,evangelion_tv,新世紀エヴァンゲリオン,8,第八話　アスカ、来日,S2,2-16,　,0:12~0:25\n 2:16~,0:21:45,シンジのクラスに転校してきたアスカ,・アスカ,
,evangelion_tv,新世紀エヴァンゲリオン,8,第八話　アスカ、来日,3,25,FLY ME TO THE MOON <Aya Bossa Techno TV. Size Version＞,　,0:22:01,エンド・クレジット,・FLY ME TO THE MOON,
,evangelion_tv,新世紀エヴァンゲリオン,8,第八話　アスカ、来日,2,23,次回予告 (15秒版),　,0:23:06,次回予告,,
,evangelion_tv,新世紀エヴァンゲリオン,9,第九話　瞬間、心、重ねて,2,2,残酷な天使のテーゼ (TV.Size Version),　,0:00:00,オープニング,・残酷な天使のテーゼ,
,evangelion_tv,新世紀エヴァンゲリオン,9,第九話　瞬間、心、重ねて,S2,2-16,　,~0:02\n 0:05~0:27\n 0:43~1:14,0:02:27,レイに挨拶するアスカ,・アスカ,複数箇所未使用
,evangelion_tv,新世紀エヴァンゲリオン,9,第九話　瞬間、心、重ねて,1,14,A STEP FORWARD INTO TERROR,　,0:04:39,上陸直前の第7の使徒イスラフェルを迎撃するエヴァ2体,,
,evangelion_tv,新世紀エヴァンゲリオン,9,第九話　瞬間、心、重ねて,2,5,ANGEL ATTACK II,~0:08,0:06:45,分断された箇所から2体に分離するイスラフェル,,
,evangelion_tv,新世紀エヴァンゲリオン,9,第九話　瞬間、心、重ねて,1,7,RITSUKO,1:40~2:40,0:08:36,加持のアイディアをミサトへ届けるリツコ,・リツコ,
,evangelion_tv,新世紀エヴァンゲリオン,9,第九話　瞬間、心、重ねて,S2,2-16,　,0:12~1:07,0:09:56,ミサトのマンションに越してきたアスカ,・アスカ,
,evangelion_tv,新世紀エヴァンゲリオン,9,第九話　瞬間、心、重ねて,S2,1-5,　,0:15~1:00\n 1:48~,0:10:48,シンジとアスカに，ユニゾンの要を告げるミサト,・ネルフ,
,evangelion_tv,新世紀エヴァンゲリオン,9,第九話　瞬間、心、重ねて,未,,　,　,0:12:51,リズム合わせをするシンジとアスカ,,
,evangelion_tv,新世紀エヴァンゲリオン,9,第九話　瞬間、心、重ねて,未,,　,　,0:13:17,リズム合わせをするシンジとレイ,,
,evangelion_tv,新世紀エヴァンゲリオン,9,第九話　瞬間、心、重ねて,序,36,You are the only one,0:45~1:10,0:13:53,コンビニエンスストアの店内音楽,,
,evangelion_tv,新世紀エヴァンゲリオン,9,第九話　瞬間、心、重ねて,1,22,次回予告,　,0:14:41,ユニゾンの特訓を続けるシンジとアスカ,,
,evangelion_tv,新世紀エヴァンゲリオン,9,第九話　瞬間、心、重ねて,序,37,蒼いレジェンド,0:45~1:15,0:15:15,シンジがSDATで聴いている曲,,
,evangelion_tv,新世紀エヴァンゲリオン,9,第九話　瞬間、心、重ねて,,,遠い空の約束,0:33~0:39,0:15:55,シンジがSDATで聴いている曲,,
,evangelion_tv,新世紀エヴァンゲリオン,9,第九話　瞬間、心、重ねて,1,7,RITSUKO,~0:55\n 2:38~2:40,0:18:12,加持の件でミサトをからかうリツコ,・リツコ,
,evangelion_tv,新世紀エヴァンゲリオン,9,第九話　瞬間、心、重ねて,2,12,Spending Time in Preparation,~0:33\n 2:15~,0:19:19,戦闘準備の2機のエヴァ,・作戦開始,
,evangelion_tv,新世紀エヴァンゲリオン,9,第九話　瞬間、心、重ねて,2,7,"Both of You, Dance Like You Want to Win!",0:10~1:07\n 1:44~,0:19:53,完璧なユニゾンによる対イスラフェル戦,,
,evangelion_tv,新世紀エヴァンゲリオン,9,第九話　瞬間、心、重ねて,S2,2-16,　,0:13~0:29\n 2:03~,0:21:19,通信で喧嘩するシンジとアスカ,・アスカ,
,evangelion_tv,新世紀エヴァンゲリオン,9,第九話　瞬間、心、重ねて,add,4,FLY ME TO THE MOON <ASUKA Bossa Techno TV. Size Version＞,0:17~,0:22:00,エンド・クレジット,・FLY ME TO THE MOON,2.0ch版では「<YOKO TAKAHASHI Acid Bossa TV. Size Version＞」を使用
,evangelion_tv,新世紀エヴァンゲリオン,9,第九話　瞬間、心、重ねて,2,23,次回予告 (15秒版),　,0:23:05,次回予告,,
,evangelion_tv,新世紀エヴァンゲリオン,10,第拾話　マグマダイバー,2,2,残酷な天使のテーゼ (TV.Size Version),　,0:00:00,オープニング,・残酷な天使のテーゼ,
,evangelion_tv,新世紀エヴァンゲリオン,10,第拾話　マグマダイバー,2,8,Waking up in the morning,0:22~0:37,0:01:38,デパートの水着コーナーの現実音,,
,evangelion_tv,新世紀エヴァンゲリオン,10,第拾話　マグマダイバー,序,38,FALL in STAR,~0:29,0:01:53,デパートのテラスに流れる現実音,,
,evangelion_tv,新世紀エヴァンゲリオン,10,第拾話　マグマダイバー,S2,4-4,　,~1:30\n 3:44~,0:02:34,修学旅行参加不可をミサトに伝えられて腐るアスカ,,
,evangelion_tv,新世紀エヴァンゲリオン,10,第拾話　マグマダイバー,2,10,A Moment When Tension Breaks,2:55~3:54\n 4:03~,0:05:05,ネルフ本部のプールサイドのシンジとアスカ,,
,evangelion_tv,新世紀エヴァンゲリオン,10,第拾話　マグマダイバー,2,12,Spending Time in Preparation,~1:43\n 2:15~,0:07:58,"A-17を要請するミサト
リツコによる作戦の説明",・作戦開始,
,evangelion_tv,新世紀エヴァンゲリオン,10,第拾話　マグマダイバー,1,14,A STEP FORWARD INTO TERROR,1:10~,0:12:46,D型装備の弐号機，”ジャイアント・ストロング・エントリー”で溶岩内へ潜行,,
,evangelion_tv,新世紀エヴァンゲリオン,10,第拾話　マグマダイバー,1,19,"MARKING TIME,WAITING FOR DEATH",~0:30,0:15:25,使徒の捕獲作業を行う弐号機,,
,evangelion_tv,新世紀エヴァンゲリオン,10,第拾話　マグマダイバー,2,14,MAGMADIVER,　,0:16:45,弐号機と第8の使徒サンダルフォンの戦闘,・作戦開始,1:36付近を複数回反復
,evangelion_tv,新世紀エヴァンゲリオン,10,第拾話　マグマダイバー,未,,FLY ME TO THE MOON <ASUKA Main Version II＞,　,0:22:01,エンド・クレジット,・FLY ME TO THE MOON,2.0ch版では「<YOKO TAKAHASHI TV. Size Version＞」を使用
,evangelion_tv,新世紀エヴァンゲリオン,10,第拾話　マグマダイバー,2,23,次回予告 (15秒版),　,0:23:06,次回予告,,
,evangelion_tv,新世紀エヴァンゲリオン,11,第拾壱話　静止した闇の中で,2,2,残酷な天使のテーゼ (TV.Size Version),　,0:00:00,オープニング,・残酷な天使のテーゼ,
,evangelion_tv,新世紀エヴァンゲリオン,11,第拾壱話　静止した闇の中で,other,,ラジオ体操第1,~0:31,0:01:30,朝の街の現実音,,
,evangelion_tv,新世紀エヴァンゲリオン,11,第拾壱話　静止した闇の中で,未,,　,　,0:04:18,公衆電話の保留音,,
,evangelion_tv,新世紀エヴァンゲリオン,11,第拾壱話　静止した闇の中で,序,36,You are the only one,0:59~1:10,0:05:52,市議選の喧騒の街に流れる現実音,,
,evangelion_tv,新世紀エヴァンゲリオン,11,第拾壱話　静止した闇の中で,2,11,The Day Tokyo-3 Stood Still,~0:39,0:11:15,電源が落ちて沈黙したジオフロント,,
,evangelion_tv,新世紀エヴァンゲリオン,11,第拾壱話　静止した闇の中で,2,6,ANGEL ATTACK III,~0:09,0:13:44,アスカの眼前を横切る第9の使徒マトリエル,,
,evangelion_tv,新世紀エヴァンゲリオン,11,第拾壱話　静止した闇の中で,1,4,Rei I,~0:25,0:14:35,レイに絡むアスカ,・レイ,0:14付近を反復
,evangelion_tv,新世紀エヴァンゲリオン,11,第拾壱話　静止した闇の中で,S2,1-5,　,0:15~1:36\n 1:48~,0:15:56,"通路を伝ってケージに到達するシンジら
手動でのエントリープラグ挿入",・ネルフ,曲間無し(A)
,evangelion_tv,新世紀エヴァンゲリオン,11,第拾壱話　静止した闇の中で,S2,1-4,　,~1:01\n 1:49~,0:17:20,自力で拘束具を除去し，発進する3機のエヴァ,・ネルフ,曲間無し(B)
,evangelion_tv,新世紀エヴァンゲリオン,11,第拾壱話　静止した闇の中で,2,12,Spending Time in Preparation,~0:42,0:19:21,使徒攻撃の作戦を説明するアスカ,・作戦開始,曲間無し(A)
,evangelion_tv,新世紀エヴァンゲリオン,11,第拾壱話　静止した闇の中で,1,16,DECISIVE BATTLE,1:05~1:16\n 1:52~,0:20:04,縦穴に出て攻撃を開始する3機のエヴァ,・作戦開始,曲間無し(B)
,evangelion_tv,新世紀エヴァンゲリオン,11,第拾壱話　静止した闇の中で,2,19,When I Find Peace of Mind,2:35~2:58\n 3:04~,0:21:11,"夜空を見つめるシンジたち
第3新東京市に灯が戻る",,
,evangelion_tv,新世紀エヴァンゲリオン,11,第拾壱話　静止した闇の中で,add,9,FLY ME TO THE MOON <Main Version II＞,0:26~1:30,0:22:01,エンド・クレジット,・FLY ME TO THE MOON,2.0ch版では通常の「<TV. Size Version＞」を使用
,evangelion_tv,新世紀エヴァンゲリオン,11,第拾壱話　静止した闇の中で,2,23,次回予告 (15秒版),　,0:23:05,次回予告,,
,evangelion_tv,新世紀エヴァンゲリオン,12,第拾弐話　奇跡の価値は,2,2,残酷な天使のテーゼ (TV.Size Version),　,0:00:00,オープニング,・残酷な天使のテーゼ,
,evangelion_tv,新世紀エヴァンゲリオン,12,第拾弐話　奇跡の価値は,1,8,MISATO,~0:45\n 1:26~,0:06:31,ミサトの昇進パーティを開くケンスケたち,・ミサト,
,evangelion_tv,新世紀エヴァンゲリオン,12,第拾弐話　奇跡の価値は,1,8,MISATO,0:14~0:45\n 1:26~,0:08:09,ミサトのアパートへやって来る加持とリツコ,・ミサト,
,evangelion_tv,新世紀エヴァンゲリオン,12,第拾弐話　奇跡の価値は,2,12,Spending Time in Preparation,~0:07\n 0:14~,0:09:34,静止軌道上に出現した第10の使徒サハクィエル,・作戦開始,
,evangelion_tv,新世紀エヴァンゲリオン,12,第拾弐話　奇跡の価値は,1,5,Hedgehog's Dilemma,~1:13\n 2:32~,0:16:23,シンジに身の上話をするミサト,・ヤマアラシのジレンマ,一部別箇所を使用
,evangelion_tv,新世紀エヴァンゲリオン,12,第拾弐話　奇跡の価値は,2,13,"She said, ”Don't make others suffer for your personal hatred.”",~1:43,0:17:49,サハクィエルを迎撃する3体のエヴァ,・ネルフ,0:08付近を繰り返し
,evangelion_tv,新世紀エヴァンゲリオン,12,第拾弐話　奇跡の価値は,Gyuu,14,Bay side love story -from tokyo-,0:38~1:24,0:21:10,屋台のラーメン屋に流れる現実音,,
,evangelion_tv,新世紀エヴァンゲリオン,12,第拾弐話　奇跡の価値は,未,,FLY ME TO THE MOON <MISATO Main Version II＞,　,0:22:00,エンド・クレジット,・FLY ME TO THE MOON,2.0ch版では「-4 BEAT TV. Size VERSION-」を使用
,evangelion_tv,新世紀エヴァンゲリオン,12,第拾弐話　奇跡の価値は,2,23,次回予告 (15秒版),　,0:23:05,次回予告,,
,evangelion_tv,新世紀エヴァンゲリオン,13,第拾参話　使徒、侵入,2,2,残酷な天使のテーゼ (TV.Size Version),　,0:00:00,オープニング,・残酷な天使のテーゼ,
,evangelion_tv,新世紀エヴァンゲリオン,13,第拾参話　使徒、侵入,1,19,"MARKING TIME,WAITING FOR DEATH",~0:46,0:06:33,第11使徒イロウルによる施設汚染,,
,evangelion_tv,新世紀エヴァンゲリオン,13,第拾参話　使徒、侵入,1,3,ANGEL ATTACK ,~1:21\n 2:14~,0:07:31,レイの模擬体を犯すイロウル,・使徒,
,evangelion_tv,新世紀エヴァンゲリオン,13,第拾参話　使徒、侵入,2,11,The Day Tokyo-3 Stood Still,~0:58,0:10:42,オゾン注入による使徒対策,,
,evangelion_tv,新世紀エヴァンゲリオン,13,第拾参話　使徒、侵入,3,4,HARBINGER OF TRAGEDY,~1:27,0:11:46,MAGIに侵入する使徒,・暴走,曲間無し
,evangelion_tv,新世紀エヴァンゲリオン,13,第拾参話　使徒、侵入,1,18,THE BEAST,~0:46\n 1:33~,0:13:17,メルキオールをリプログラムする使徒,・暴走,
,evangelion_tv,新世紀エヴァンゲリオン,13,第拾参話　使徒、侵入,2,15,PLEASURE PRINCIPLE,~0:40\n 1:37~1:53,0:18:44,"バルタザールが陥落
カスパーへの侵入でネルフ本部の自立自爆装置作動が迫る",,
,evangelion_tv,新世紀エヴァンゲリオン,13,第拾参話　使徒、侵入,3,26,FLY ME TO THE MOON <YOKO TAKAHASHI Acid Bossa TV. Size Version＞,　,0:22:01,エンド・クレジット,・FLY ME TO THE MOON,2.0ch版では「<YOKO TAKAHASHI Acid Bossa TV. Size Version＞」を使用
,evangelion_tv,新世紀エヴァンゲリオン,13,第拾参話　使徒、侵入,2,23,次回予告 (15秒版),　,0:23:07,次回予告,,
,evangelion_tv,新世紀エヴァンゲリオン,14,第拾四話　ゼーレ、魂の座,2,2,残酷な天使のテーゼ (TV.Size Version),　,0:00:00,オープニング,・残酷な天使のテーゼ,
,evangelion_tv,新世紀エヴァンゲリオン,14,第拾四話　ゼーレ、魂の座,BD,,BORDERLINE CASE,~2:05,0:12:01,レイの心象風景,・人類補完計画,2.0ch版ではCDと同様の音源を使用
,evangelion_tv,新世紀エヴァンゲリオン,14,第拾四話　ゼーレ、魂の座,3,12,CRIME OF INNOCENCE,~0:13,0:17:40,シンジによるレイのイメージ,・レイ,
,evangelion_tv,新世紀エヴァンゲリオン,14,第拾四話　ゼーレ、魂の座,1,18,THE BEAST,~0:55\n 1:18~,0:17:54,シンジが搭乗した零号機の暴走,・暴走,
,evangelion_tv,新世紀エヴァンゲリオン,14,第拾四話　ゼーレ、魂の座,未,,FLY ME TO THE MOON <Rei Main Version II＞,　,0:22:01,エンド・クレジット,・FLY ME TO THE MOON,2.0ch版では「<YOKO TAKAHASHI TV. Size Version＞」を使用
,evangelion_tv,新世紀エヴァンゲリオン,14,第拾四話　ゼーレ、魂の座,2,23,次回予告 (15秒版),　,0:23:06,次回予告,,
,evangelion_tv,新世紀エヴァンゲリオン,15,第拾伍話　嘘と沈黙,2,2,残酷な天使のテーゼ (TV.Size Version),　,0:00:00,オープニング,・残酷な天使のテーゼ,
,evangelion_tv,新世紀エヴァンゲリオン,15,第拾伍話　嘘と沈黙,3,8,BACKGROUND MUSIC III,0:06~0:40,0:06:54,アスカの観るテレビ番組の音楽,,
,evangelion_tv,新世紀エヴァンゲリオン,15,第拾伍話　嘘と沈黙,other,,結婚行進曲,0:13~0:17,0:08:45,ミサトらが出席した披露宴の現実音,,
,evangelion_tv,新世紀エヴァンゲリオン,15,第拾伍話　嘘と沈黙,add,8,てんとう虫のサンバ,0:41~0:44,0:08:52,ミサトらが出席した披露宴の現実音(出席者の歌声),,
,evangelion_tv,新世紀エヴァンゲリオン,15,第拾伍話　嘘と沈黙,1,6,BAREFOOT IN THE PARK,0:04~0:37,0:08:57,ミサトらが出席した披露宴の現実音(会場の音楽),,
,evangelion_tv,新世紀エヴァンゲリオン,15,第拾伍話　嘘と沈黙,3,5,"CHILDHOOD MEMORIES, SHUT AWAY",0:08~,0:11:10,シンジが奏でるチェロ,,
,evangelion_tv,新世紀エヴァンゲリオン,15,第拾伍話　嘘と沈黙,1,7,RITSUKO,~2:05\n 2:45~,0:12:14,ラウンジに流れるBGM,・リツコ,
,evangelion_tv,新世紀エヴァンゲリオン,15,第拾伍話　嘘と沈黙,序,37,蒼いレジェンド,0:31~0:45,0:14:29,ミサトのマンションの部屋に流れる曲,,
,evangelion_tv,新世紀エヴァンゲリオン,15,第拾伍話　嘘と沈黙,3,6,"Those women longed for the touch of others' lips, and thus invited their kisses.",　,0:15:13,加持に想いを激白するミサト,・FLY ME TO THE MOON,
,evangelion_tv,新世紀エヴァンゲリオン,15,第拾伍話　嘘と沈黙,序,36,You are the only one,0:19~1:50,0:17:33,シンジのSDATから漏れる曲,,
,evangelion_tv,新世紀エヴァンゲリオン,15,第拾伍話　嘘と沈黙,add,3,FLY ME TO THE MOON -MISATO 4 BEAT TV. Size VERSION-,0:25~,0:22:01,エンド・クレジット,・FLY ME TO THE MOON,2.0ch版では「-4 BEAT OFF VOCAL TV. Size VERSION-」を使用
,evangelion_tv,新世紀エヴァンゲリオン,15,第拾伍話　嘘と沈黙,2,23,次回予告 (15秒版),　,0:23:06,次回予告,,
,evangelion_tv,新世紀エヴァンゲリオン,16,第拾六話　死に至る病、そして,2,2,残酷な天使のテーゼ (TV.Size Version),　,0:00:00,オープニング,・残酷な天使のテーゼ,
,evangelion_tv,新世紀エヴァンゲリオン,16,第拾六話　死に至る病、そして,1,8,MISATO,~0:07\n 0:14~0:20\n 0:23~0:51\n 0:58~,0:01:36,シンジとミサトに怒りをぶつけるアスカ,・ミサト,
,evangelion_tv,新世紀エヴァンゲリオン,16,第拾六話　死に至る病、そして,2,12,Spending Time in Preparation,~1:23\n 2:15~,0:04:38,第12の使徒レリエルの出現,・作戦開始,
,evangelion_tv,新世紀エヴァンゲリオン,16,第拾六話　死に至る病、そして,1,19,"MARKING TIME,WAITING FOR DEATH",~0:50,0:06:16,レリエルの影に接近する3体のエヴァ,,
,evangelion_tv,新世紀エヴァンゲリオン,16,第拾六話　死に至る病、そして,1,3,ANGEL ATTACK ,~1:07\n 2:22~,0:07:09,レリエルに吸い込まれる初号機,・使徒,
,evangelion_tv,新世紀エヴァンゲリオン,16,第拾六話　死に至る病、そして,2,11,The Day Tokyo-3 Stood Still,~0:39,0:11:25,エントリープラグ内で叫ぶシンジ,,
,evangelion_tv,新世紀エヴァンゲリオン,16,第拾六話　死に至る病、そして,BD,,BORDERLINE CASE,　,0:13:45,自分の中の自分と会話するシンジ,・人類補完計画,2.0ch版ではCDと同様の音源を使用
,evangelion_tv,新世紀エヴァンゲリオン,16,第拾六話　死に至る病、そして,3,15,SEPARATION ANXIETY,~0:54,0:16:17,シンジの父の記憶とイメージ,,
,evangelion_tv,新世紀エヴァンゲリオン,16,第拾六話　死に至る病、そして,BD,,MOTHER IS THE FIRST OTHER,~0:54,0:17:34,シンジの母のイメージ,・母,2.0ch版ではCDと同様の音源を使用
,evangelion_tv,新世紀エヴァンゲリオン,16,第拾六話　死に至る病、そして,2,16,THE BEAST II,~0:46\n 1:12~1:27\n 2:01~,0:18:37,レリエルの影を引き裂いて出現する初号機,・覚醒,"0:22付近を反復\n
2.0ch版では，この後の病室の場面で「ラジオ体操第1」のBGMが流れる"
,evangelion_tv,新世紀エヴァンゲリオン,16,第拾六話　死に至る病、そして,Refrain,14,FLY ME TO THE MOON <Main Version II/Renewal #16＞,　,0:22:01,エンド・クレジット,・FLY ME TO THE MOON,2.0ch版では「<OFF VOCAL TV. Size Version＞」を使用
,evangelion_tv,新世紀エヴァンゲリオン,16,第拾六話　死に至る病、そして,2,23,次回予告 (15秒版),　,0:23:06,次回予告,,
,evangelion_tv,新世紀エヴァンゲリオン,17,第拾七話　四人目の適格者,2,2,残酷な天使のテーゼ (TV.Size Version),　,0:00:00,オープニング,・残酷な天使のテーゼ,
,evangelion_tv,新世紀エヴァンゲリオン,17,第拾七話　四人目の適格者,2,8,Waking up in the morning,0:22~0:54,0:14:23,ネルフの自販機コーナーに流れる音楽,,
,evangelion_tv,新世紀エヴァンゲリオン,17,第拾七話　四人目の適格者,1,21,FLY ME TO THE MOON,~1:07,0:14:57,ネルフの自販機コーナーに流れる音楽,,
,evangelion_tv,新世紀エヴァンゲリオン,17,第拾七話　四人目の適格者,S2,2-37,　,　,0:19:55,放課後の校内放送の音楽,,
,evangelion_tv,新世紀エヴァンゲリオン,17,第拾七話　四人目の適格者,3,29,FLY ME TO THE MOON <Aki Jungle TV. Size Version＞,　,0:22:00,エンド・クレジット,,
,evangelion_tv,新世紀エヴァンゲリオン,17,第拾七話　四人目の適格者,2,23,次回予告 (15秒版),　,0:23:05,次回予告,,
,evangelion_tv,新世紀エヴァンゲリオン,18,第拾八話　命の選択を,2,2,残酷な天使のテーゼ (TV.Size Version),　,0:00:00,オープニング,・残酷な天使のテーゼ,
,evangelion_tv,新世紀エヴァンゲリオン,18,第拾八話　命の選択を,3,8,BACKGROUND MUSIC III,~0:51,0:07:30,テレビ番組の音楽,,
,evangelion_tv,新世紀エヴァンゲリオン,18,第拾八話　命の選択を,1,5,Hedgehog's Dilemma,0:16~0:55\n 2:26~,0:08:39,父のことを加持に尋ねるシンジ,・ヤマアラシのジレンマ,
,evangelion_tv,新世紀エヴァンゲリオン,18,第拾八話　命の選択を,1,17,EVA-00,~0:18\n 1:22~,0:10:59,"3号機起動実験\n
使徒に侵入された3号機の咆哮",・暴走,
,evangelion_tv,新世紀エヴァンゲリオン,18,第拾八話　命の選択を,2,12,Spending Time in Preparation,~0:29\n 2:15~,0:11:54,松代実験場の事故を受け，第一種戦闘配置に入るネルフ本部,・作戦開始,
,evangelion_tv,新世紀エヴァンゲリオン,18,第拾八話　命の選択を,1,19,"MARKING TIME,WAITING FOR DEATH",~0:57,0:13:34,弐号機を倒し，初号機に接近する3号機,,0:15付近を反復
,evangelion_tv,新世紀エヴァンゲリオン,18,第拾八話　命の選択を,1,3,ANGEL ATTACK ,~0:04\n 0:09~0:38\n 2:14~,0:14:56,零号機の左腕へ侵入する，第13の使徒バルディエル,・使徒,
,evangelion_tv,新世紀エヴァンゲリオン,18,第拾八話　命の選択を,1,18,THE BEAST,~0:31\n 0:48~,0:16:09,初号機に襲いかかる3号機,・暴走,
,evangelion_tv,新世紀エヴァンゲリオン,18,第拾八話　命の選択を,3,3,NORMAL BLOOD,　,0:17:57,ダミープラグのコントロールで3号機を破壊する初号機,・覚醒,
,evangelion_tv,新世紀エヴァンゲリオン,18,第拾八話　命の選択を,S2,3-31,　,　,0:22:00,エンド・クレジット,・FLY ME TO THE MOON,2.0ch版では通常の「<TV. Size Version＞」を使用
,evangelion_tv,新世紀エヴァンゲリオン,18,第拾八話　命の選択を,2,23,次回予告 (15秒版),　,0:23:05,次回予告,,
,evangelion_tv,新世紀エヴァンゲリオン,19,第拾九話　男の戰い,2,2,残酷な天使のテーゼ (TV.Size Version),　,0:00:00,オープニング,・残酷な天使のテーゼ,
,evangelion_tv,新世紀エヴァンゲリオン,19,第拾九話　男の戰い,2,12,Spending Time in Preparation,~0:48\n 2:15~,0:09:55,"第14の使徒ゼルエルが襲来\n
戦闘配備に追われるネルフ本部",・作戦開始,
,evangelion_tv,新世紀エヴァンゲリオン,19,第拾九話　男の戰い,1,3,ANGEL ATTACK ,~1:07\n 2:22~,0:11:37,"一機でゼルエルを迎え撃つ弐号機\n
弐号機大破",・使徒,
,evangelion_tv,新世紀エヴァンゲリオン,19,第拾九話　男の戰い,1,19,"MARKING TIME,WAITING FOR DEATH",~0:39,0:13:04,ダミープラグを拒絶する初号機,,
,evangelion_tv,新世紀エヴァンゲリオン,19,第拾九話　男の戰い,2,17,THANATOS,~0:17\n 0:21~1:46,0:14:38,"N2爆弾を手に使徒に特攻する零号機\n
シンジに語りかける加持",・THANATOS,
,evangelion_tv,新世紀エヴァンゲリオン,19,第拾九話　男の戰い,1,19,"MARKING TIME,WAITING FOR DEATH",1:02~2:05\n 2:19~2:33,0:16:55,初号機とゼルエルの激闘,,
,evangelion_tv,新世紀エヴァンゲリオン,19,第拾九話　男の戰い,2,16,THE BEAST II,　,0:19:45,"再起動した初号機のシンクロ率400%を超える\n
覚醒した初号機が使徒を喰らう",・覚醒,
,evangelion_tv,新世紀エヴァンゲリオン,19,第拾九話　男の戰い,add,9,FLY ME TO THE MOON <Main Version II＞,2:03~2:51\n 1:14~1:30,0:22:01,エンド・クレジット,・FLY ME TO THE MOON,2.0ch版では通常の「<TV. Size Version＞」を使用
,evangelion_tv,新世紀エヴァンゲリオン,19,第拾九話　男の戰い,2,23,次回予告 (15秒版),　,0:23:06,次回予告,,
,evangelion_tv,新世紀エヴァンゲリオン,20,第弐拾話　心のかたち 人のかたち,2,2,残酷な天使のテーゼ (TV.Size Version),　,0:00:00,オープニング,・残酷な天使のテーゼ,
,evangelion_tv,新世紀エヴァンゲリオン,20,第弐拾話　心のかたち 人のかたち,2,11,The Day Tokyo-3 Stood Still,~0:46,0:02:49,第2発令所で対策を話し合うリツコら,,
,evangelion_tv,新世紀エヴァンゲリオン,20,第弐拾話　心のかたち 人のかたち,3,15,SEPARATION ANXIETY,0:13~1:42,0:08:01,シンジの心象風景(「敵」について),,
,evangelion_tv,新世紀エヴァンゲリオン,20,第弐拾話　心のかたち 人のかたち,1,5,Hedgehog's Dilemma,0:02~0:54\n 2:13~,0:09:32,シンジの心象風景(父のイメージ),,
,evangelion_tv,新世紀エヴァンゲリオン,20,第弐拾話　心のかたち 人のかたち,BD,,BORDERLINE CASE,0:10~2:03,0:11:43,シンジの心象風景(自己の存在理由),・人類補完計画,2.0ch版ではCDと同様の音源を使用
,evangelion_tv,新世紀エヴァンゲリオン,20,第弐拾話　心のかたち 人のかたち,3,14,Do you love me?,0:06~0:54,0:13:48,シンジの心象風景(同一化を迫るミサト，アスカ，レイ),・人類補完計画,
,evangelion_tv,新世紀エヴァンゲリオン,20,第弐拾話　心のかたち 人のかたち,3,4,HARBINGER OF TRAGEDY,~0:41,0:15:23,サルベージ失敗の可能性に焦るリツコら,・暴走,
,evangelion_tv,新世紀エヴァンゲリオン,20,第弐拾話　心のかたち 人のかたち,1,18,THE BEAST,~0:15\n 0:23~0:28,0:16:19,"サルベージ失敗の可能性に焦るリツコら\n
プラグのエキジット\n
流れ出るL.C.L.",・暴走,
,evangelion_tv,新世紀エヴァンゲリオン,20,第弐拾話　心のかたち 人のかたち,3,19,"INFANTILE DEPENDENCE, ADULT DEPENDENCY",~0:42\n 2:48~,0:16:45,エヴァの中でミサトに諭されるシンジ,,
,evangelion_tv,新世紀エヴァンゲリオン,20,第弐拾話　心のかたち 人のかたち,BD,,MOTHER IS THE FIRST OTHER,~1:06,0:17:41,シンジの心象風景(母のイメージ),・母,2.0ch版ではCDと同様の音源を使用
,evangelion_tv,新世紀エヴァンゲリオン,20,第弐拾話　心のかたち 人のかたち,Gyuu,14,Bay side love story -from tokyo-,0:21~2:31,0:19:50,ミサトと加持が逢瀬するラブホテルに流れるBGM,,
,evangelion_tv,新世紀エヴァンゲリオン,20,第弐拾話　心のかたち 人のかたち,S2,1-30,　,　,0:22:02,エンド・クレジット,・FLY ME TO THE MOON,2.0ch版では「<B-22Aタイプ TV. Size Version＞」を使用
,evangelion_tv,新世紀エヴァンゲリオン,20,第弐拾話　心のかたち 人のかたち,2,23,次回予告 (15秒版),　,0:23:07,次回予告,,
,evangelion_tv,新世紀エヴァンゲリオン,21,第弐拾壱話　ネルフ、誕生,2,2,残酷な天使のテーゼ (TV.Size Version),　,0:01:49,オープニング,・残酷な天使のテーゼ,
,evangelion_tv,新世紀エヴァンゲリオン,21,第弐拾壱話　ネルフ、誕生,序,37,蒼いレジェンド,0:31~1:04,0:05:19,鴨川の居酒屋で流れる現実音,,
,evangelion_tv,新世紀エヴァンゲリオン,21,第弐拾壱話　ネルフ、誕生,3,9,IN THE DEPTHS OF HUMAN HEARTS,~0:29,0:08:13,冬月の回想(ゲンドウ，セカンドインパクト),,
,evangelion_tv,新世紀エヴァンゲリオン,21,第弐拾壱話　ネルフ、誕生,2,11,The Day Tokyo-3 Stood Still,~0:58,0:11:08,冬月の回想(ミサト，セカンドインパクトの調査，ゼーレ),,0:00付近を反復
,evangelion_tv,新世紀エヴァンゲリオン,21,第弐拾壱話　ネルフ、誕生,1,7,RITSUKO,~0:26\n 2:10~,0:15:49,"リツコと母\n
ナオコとの手紙のやり取り",・リツコ,
,evangelion_tv,新世紀エヴァンゲリオン,21,第弐拾壱話　ネルフ、誕生,3,12,CRIME OF INNOCENCE,~0:19,0:18:57,ナオコの手紙(ユイの消失),・レイ,
,evangelion_tv,新世紀エヴァンゲリオン,21,第弐拾壱話　ネルフ、誕生,3,11,"THREE OF ME, ONE OF SOMEONE ELSE",~1:06,0:21:19,リツコとナオコの会話(MAGI，ミサトの帰国について),・リツコ,
,evangelion_tv,新世紀エヴァンゲリオン,21,第弐拾壱話　ネルフ、誕生,3,10,HOSTILITY RESTRAINED,~0:21,0:23:43,冬月の回想(特務機関ネルフの結成),・レイ,
,evangelion_tv,新世紀エヴァンゲリオン,21,第弐拾壱話　ネルフ、誕生,3,13,THE SORROW OF LOSING THE OBJECT OF ONE'S DEPENDENCE,0:03~,0:26:04,加持からの留守電メッセージを聞き，慟哭するミサト,・FLY ME TO THE MOON,
,evangelion_tv,新世紀エヴァンゲリオン,21,第弐拾壱話　ネルフ、誕生,未,,　,　,0:27:32,エンド・クレジット,・FLY ME TO THE MOON,"曲間無し\n
2.0ch版では「<YOKO TAKAHASHI TV. Size Version＞」を使用"
,evangelion_tv,新世紀エヴァンゲリオン,21,第弐拾壱話　ネルフ、誕生,3,27,FLY ME TO THE MOON -4 BEAT OFF VOCAL TV. Size VERSION-,　,0:27:56,エンド・クレジット,・FLY ME TO THE MOON,
,evangelion_tv,新世紀エヴァンゲリオン,21,第弐拾壱話　ネルフ、誕生,1,22,次回予告,　,0:29:02,次回予告,,
,evangelion_tv,新世紀エヴァンゲリオン,22,第弐拾弐話　せめて、人間らしく,S2,2-1,　,~1:27,0:01:32,アスカの回想(精神崩壊した母親と幼い日のアスカ),,
,evangelion_tv,新世紀エヴァンゲリオン,22,第弐拾弐話　せめて、人間らしく,,,不思議な夜,0:24~1:51,0:05:41,ミサトのマンションのリビングに流れる現実音,,
,evangelion_tv,新世紀エヴァンゲリオン,22,第弐拾弐話　せめて、人間らしく,序,36,You are the only one,0:19~0:55,0:07:10,ミサトのマンションのリビングに流れる現実音,,
,evangelion_tv,新世紀エヴァンゲリオン,22,第弐拾弐話　せめて、人間らしく,2,8,Waking up in the morning,0:22~0:53,0:09:15,喫煙所でアスカについて話すミサトとリツコ,,
,evangelion_tv,新世紀エヴァンゲリオン,22,第弐拾弐話　せめて、人間らしく,2,12,Spending Time in Preparation,~0:52\n 2:15~,0:13:12,"衛生軌道上の第15の使徒アラエルがキャッチされる\n
背水の陣で出撃する弐号機",・作戦開始,
,evangelion_tv,新世紀エヴァンゲリオン,22,第弐拾弐話　せめて、人間らしく,1,19,"MARKING TIME,WAITING FOR DEATH",~0:16,0:14:55,狙いを定めるアスカ,,
,evangelion_tv,新世紀エヴァンゲリオン,22,第弐拾弐話　せめて、人間らしく,add,5,CHORUS : Hallelujah （MESSIAH）,0:08~2:50,0:15:13,"使徒の心理攻撃に晒されるアスカ\n
弾かれる，零号機のポジトロン・ライフル攻撃",,
,evangelion_tv,新世紀エヴァンゲリオン,22,第弐拾弐話　せめて、人間らしく,DEATH,13,脆弱な、自我境界,0:02~0:26\n 1:18~1:57,0:19:13,アスカの心象風景(色々なアスカの姿),・人類補完計画,
,evangelion_tv,新世紀エヴァンゲリオン,22,第弐拾弐話　せめて、人間らしく,add,6,CHORUS : Worthy is The Lamb... Amen （MESSIAH）,3:14~,0:22:07,"弐号機活動停止\n
零号機，ロンギヌスの槍を放ち使徒を粉砕",,
,evangelion_tv,新世紀エヴァンゲリオン,22,第弐拾弐話　せめて、人間らしく,未,,FLY ME TO THE MOON <Bossa Techno Off Vocal Version＞,　,0:26:54,エンド・クレジット,・FLY ME TO THE MOON,2.0ch版では「<Aya Bossa Techno TV. Size Version＞」を使用
,evangelion_tv,新世紀エヴァンゲリオン,22,第弐拾弐話　せめて、人間らしく,1,22,次回予告,　,0:28:15,次回予告,,
,evangelion_tv,新世紀エヴァンゲリオン,23,第弐拾参話　涙,2,2,残酷な天使のテーゼ (TV.Size Version),　,0:01:49,オープニング,・残酷な天使のテーゼ,
,evangelion_tv,新世紀エヴァンゲリオン,23,第弐拾参話　涙,3,7,BACKGROUND MUSIC II,0:45~1:06,0:02:30,ヒカリの部屋でアスカがプレイするゲームの音楽,・ネルフ,
,evangelion_tv,新世紀エヴァンゲリオン,23,第弐拾参話　涙,2,12,Spending Time in Preparation,~1:27\n 2:15~,0:05:12,"本部に急行するミサト\n
第16の使徒アルミサエル",・作戦開始,
,evangelion_tv,新世紀エヴァンゲリオン,23,第弐拾参話　涙,1,3,ANGEL ATTACK ,~1:07\n 2:22~,0:06:55,"零号機の生体部品を侵食する使徒\n
動かない零号機",・使徒,
,evangelion_tv,新世紀エヴァンゲリオン,23,第弐拾参話　涙,3,10,HOSTILITY RESTRAINED,~1:05,0:08:24,内的宇宙で自己のイメージと対峙するレイ,・レイ,
,evangelion_tv,新世紀エヴァンゲリオン,23,第弐拾参話　涙,2,17,THANATOS,~1:57,0:09:43,シンジを守るため，使徒を押さえ込んだまま自爆するレイの零号機,・THANATOS,
,evangelion_tv,新世紀エヴァンゲリオン,23,第弐拾参話　涙,,,両手いっぱいの夢,0:09~0:53,0:13:54,シンジのSDATのイヤフォンから漏れる音楽,,
,evangelion_tv,新世紀エヴァンゲリオン,23,第弐拾参話　涙,3,8,BACKGROUND MUSIC III,~0:15,0:14:50,ペンペンが見ているテレビ番組の音楽,,
,evangelion_tv,新世紀エヴァンゲリオン,23,第弐拾参話　涙,2,17,THANATOS,~1:54,0:21:05,"ダミープラグ・プラントに浮かぶ無数のレイの姿\n
慟哭するリツコ",・THANATOS,1:00付近を反復
,evangelion_tv,新世紀エヴァンゲリオン,23,第弐拾参話　涙,未,,　,　,0:23:30,エンド・クレジット,・FLY ME TO THE MOON,曲間無し(A)
,evangelion_tv,新世紀エヴァンゲリオン,23,第弐拾参話　涙,3,31,FLY ME TO THE MOON <Rei(#23)TV. Size Version＞,　,0:23:54,エンド・クレジット,・FLY ME TO THE MOON,曲間無し(B)
,evangelion_tv,新世紀エヴァンゲリオン,23,第弐拾参話　涙,1,22,次回予告,　,0:25:00,次回予告,,
,evangelion_tv,新世紀エヴァンゲリオン,24,第弐拾四話　最後のシ者,2,2,残酷な天使のテーゼ (TV.Size Version),　,0:01:49,オープニング,・残酷な天使のテーゼ,
,evangelion_tv,新世紀エヴァンゲリオン,24,第弐拾四話　最後のシ者,add,7,4th Mov : Presto （SYMPHONY No. 9 IN D MINOR Op. 125 ”Choral”）,4:17~4:19,0:08:09,シンジがSDATで聴いている音楽,,
,evangelion_tv,新世紀エヴァンゲリオン,24,第弐拾四話　最後のシ者,add,7,4th Mov : Presto （SYMPHONY No. 9 IN D MINOR Op. 125 ”Choral”）,4:30~5:04,0:08:21,シンジがSDATで聴いている音楽,,
,evangelion_tv,新世紀エヴァンゲリオン,24,第弐拾四話　最後のシ者,add,7,4th Mov : Presto （SYMPHONY No. 9 IN D MINOR Op. 125 ”Choral”）,4:58~9:35,0:15:16,"エヴァ弐号機とともにセントラルドグマを効果するカヲル\n
初号機で追跡するシンジ",,
,evangelion_tv,新世紀エヴァンゲリオン,24,第弐拾四話　最後のシ者,add,7,4th Mov : Presto （SYMPHONY No. 9 IN D MINOR Op. 125 ”Choral”）,12:41~15:42,0:19:55,"初号機と弐号機の激突\n
カヲルを掴む初号機",,
,evangelion_tv,新世紀エヴァンゲリオン,24,第弐拾四話　最後のシ者,未,,　,　,0:24:16,エンド・クレジット,・FLY ME TO THE MOON,曲間無し(A)
,evangelion_tv,新世紀エヴァンゲリオン,24,第弐拾四話　最後のシ者,3,28,FLY ME TO THE MOON <OFF VOCAL TV. Size Version＞,　,0:24:41,エンド・クレジット,・FLY ME TO THE MOON,曲間無し(B)
,evangelion_tv,新世紀エヴァンゲリオン,24,第弐拾四話　最後のシ者,1,22,次回予告,　,0:25:46,次回予告,,
,evangelion_tv,新世紀エヴァンゲリオン,25,第弐拾伍話　終わる世界,2,2,残酷な天使のテーゼ (TV.Size Version),　,0:01:49,オープニング,・残酷な天使のテーゼ,
,evangelion_tv,新世紀エヴァンゲリオン,25,第弐拾伍話　終わる世界,add,7,4th Mov : Presto （SYMPHONY No. 9 IN D MINOR Op. 125 ”Choral”）,7:04~8:14,0:01:36,カヲルの死に苦悩するシンジ,,再生テンポが0.96倍→0.87倍→0.96倍に変化
,evangelion_tv,新世紀エヴァンゲリオン,25,第弐拾伍話　終わる世界,3,17,DEPRESSION,~0:30\n 0:48~1:46,0:03:21,シンジの内面世界,,
,evangelion_tv,新世紀エヴァンゲリオン,25,第弐拾伍話　終わる世界,1,4,Rei I,~0:20\n 0:26~,0:07:05,自分が何者かを自問自答するレイの心象,・レイ,
,evangelion_tv,新世紀エヴァンゲリオン,25,第弐拾伍話　終わる世界,3,16,INTROJECTION,~1:14,0:09:59,"人々の補完の始まり\n
シンジの心象\n
自分が何者かを自問自答するレイの心象",,
,evangelion_tv,新世紀エヴァンゲリオン,25,第弐拾伍話　終わる世界,S2,1-23,　,~0:59,0:11:51,ミサトの心象,,
,evangelion_tv,新世紀エヴァンゲリオン,25,第弐拾伍話　終わる世界,3,14,Do you love me?,~2:10,0:13:21,ミサトの心象,・人類補完計画,"曲間無し\n
A-4は2.0ch版ではCDと同様の音源を使用"
,evangelion_tv,新世紀エヴァンゲリオン,25,第弐拾伍話　終わる世界,BD,,BORDERLINE CASE,0:40~,0:15:29,ミサトの心象,・人類補完計画,
,evangelion_tv,新世紀エヴァンゲリオン,25,第弐拾伍話　終わる世界,3,15,SEPARATION ANXIETY,~1:43,0:16:56,アスカの心象風景,,
,evangelion_tv,新世紀エヴァンゲリオン,25,第弐拾伍話　終わる世界,3,19,"INFANTILE DEPENDENCE, ADULT DEPENDENCY",~1:24\n 1:52~,0:19:35,"シンジの内面世界\n
その世界の終わりを指摘するミサト",,
,evangelion_tv,新世紀エヴァンゲリオン,25,第弐拾伍話　終わる世界,3,32,FLY ME TO THE MOON <Rei(#25)TV. Size Version＞,　,0:22:02,エンド・クレジット,・FLY ME TO THE MOON,
,evangelion_tv,新世紀エヴァンゲリオン,25,第弐拾伍話　終わる世界,2,23,次回予告 (15秒版),　,0:23:07,次回予告,,
,evangelion_tv,新世紀エヴァンゲリオン,26,最終話　世界の中心でアイを叫んだけもの,2,2,残酷な天使のテーゼ (TV.Size Version),　,0:01:49,オープニング,・残酷な天使のテーゼ,
,evangelion_tv,新世紀エヴァンゲリオン,26,最終話　世界の中心でアイを叫んだけもの,3,16,INTROJECTION,~1:12,0:01:37,シンジの心象風景(補完計画について語る人々),,
,evangelion_tv,新世紀エヴァンゲリオン,26,最終話　世界の中心でアイを叫んだけもの,1,5,Hedgehog's Dilemma,　,0:02:57,シンジの心象風景(なぜ生きているかへの問いかけ〜無価値な自分),・ヤマアラシのジレンマ,
,evangelion_tv,新世紀エヴァンゲリオン,26,最終話　世界の中心でアイを叫んだけもの,3,15,SEPARATION ANXIETY,0:24~,0:05:39,シンジの心象風景(自分自身の否定〜エヴァに乗る理由),,
,evangelion_tv,新世紀エヴァンゲリオン,26,最終話　世界の中心でアイを叫んだけもの,3,14,Do you love me?,~0:46,0:08:18,シンジの心象風景(拒絶への恐怖),・人類補完計画,曲間無し(A)
,evangelion_tv,新世紀エヴァンゲリオン,26,最終話　世界の中心でアイを叫んだけもの,BD,,BORDERLINE CASE,　,0:09:03,シンジの心象風景(価値の希求〜自身の探求),・人類補完計画,"曲間無し(B)\n
2.0ch版ではCDと同様の音源を使用"
,evangelion_tv,新世紀エヴァンゲリオン,26,最終話　世界の中心でアイを叫んだけもの,3,18,Splitting of the Breast,~0:38,0:11:20,シンジの心象風景(自由の世界),・母,曲間無し(A)
,evangelion_tv,新世紀エヴァンゲリオン,26,最終話　世界の中心でアイを叫んだけもの,BD,,MOTHER IS THE FIRST OTHER,　,0:11:55,シンジの心象風景(自分を形作る他人の存在),・母,"曲間無し(B)\n
2.0ch版ではCDと同様の音源を使用"
,evangelion_tv,新世紀エヴァンゲリオン,26,最終話　世界の中心でアイを叫んだけもの,1,8,MISATO,　,0:14:22,シンジの心象風景(幼なじみのアスカに起こされるシンジ〜登校),・ミサト,"0:55付近を繰り返し\n
一部未使用"
,evangelion_tv,新世紀エヴァンゲリオン,26,最終話　世界の中心でアイを叫んだけもの,1,9,ASUKA STRIKES!,~0:29\n 2:18~,0:16:23,シンジの心象風景(レイとシンジの衝突),・アスカ,
,evangelion_tv,新世紀エヴァンゲリオン,26,最終話　世界の中心でアイを叫んだけもの,2,10,A Moment When Tension Breaks,~0:51\n 0:56~1:55\n 2:00~2:05\n 4:04~,0:16:52,シンジの心象風景(朝の平和な教室〜教師ミサト登場〜転校生レイ),,
,evangelion_tv,新世紀エヴァンゲリオン,26,最終話　世界の中心でアイを叫んだけもの,3,21,THE HEADY FEELING OF FREEDOM,　,0:19:05,シンジの心象風景(人の中の真実について),・残酷な天使のテーゼ,曲間無し(A)
,evangelion_tv,新世紀エヴァンゲリオン,26,最終話　世界の中心でアイを叫んだけもの,3,22,"Good, or Don't Be.",0:05~,0:20:48,シンジの心象風景(自分を肯定するシンジ),・残酷な天使のテーゼ,曲間無し(B)
,evangelion_tv,新世紀エヴァンゲリオン,26,最終話　世界の中心でアイを叫んだけもの,3,33,FLY ME TO THE MOON <Rei(#26)TV. Size Version＞,　,0:22:02,エンド・クレジット,・FLY ME TO THE MOON,